id,author_id,title,category_id,image,date,summary,content
1,1,"Le Grand Boubou: Renaissance d'un Classique Sénégalais",1,"11.jpg","2022-01-15","Le Grand Boubou, vêtement emblématique d'Afrique de l'Ouest, connaît une véritable renaissance. Autrefois réservé aux grandes cérémonies, il se réinvente aujourd'hui pour conquérir le quotidien avec audace et modernité.","[{""element"":""p"",""classe"":""py-1"",""data"":""Le Grand Boubou, avec son ampleur majestueuse et ses broderies raffinées, est bien plus qu'un simple vêtement. Il est le symbole d'un héritage, d'une élégance et d'une prestance qui traverse les âges. Aujourd'hui, les créateurs sénégalais s'en emparent pour le moderniser, jouant avec les matières, les couleurs et les coupes.""},{""element"":""img"",""classe"":""w-[460px] mt-3"",""data"":""12.jpg""},{""element"":""h2"",""classe"":""text-3xl mt-2"",""data"":""Des Tissus Innovants pour une Nouvelle Ère""},{""element"":""p"",""classe"":""py-1"",""data"":""Si le bazin riche reste une valeur sûre, on voit apparaître des boubous en soie, en lin ou même en denim léger. Ces nouvelles textures apportent une fluidité et un confort inédits, adaptant cette pièce traditionnelle à un mode de vie plus urbain et dynamique. La créatrice Selly Raby Kane a notamment présenté une collection où le boubou se pare de motifs wax futuristes.""},{""element"":""ul"",""classe"":""list-disc pl-5 py-1"",""data"":[{""data"":""Coupes asymétriques et plus ajustées""},{""data"":""Utilisation de couleurs vives et de dégradés audacieux""},{""data"":""Broderies minimalistes pour un look épuré""},{""data"":""Combinaison avec des accessoires contemporains comme des baskets ou des sacs structurés""}]},{""element"":""p"",""classe"":""py-1"",""data"":""Cette réinterprétation permet au Grand Boubou de séduire une nouvelle génération, fière de ses racines mais résolument tournée vers l'avenir. Il n'est plus seulement l'apanage des aînés, mais une pièce forte du dressing des jeunes fashionistas de Dakar à Paris.""}]"
2,4,"Omar Ndiaye: L'Architecte de la Mode Dakaroise",2,"13.jpg","2022-01-20","Entretien exclusif avec Omar Ndiaye, le créateur qui sculpte le vêtement comme une œuvre d'art. Sa vision architecturale et son amour pour les matières nobles redéfinissent le luxe à la sénégalaise.","[{""element"":""p"",""classe"":""py-1"",""data"":""Dans son atelier lumineux du quartier des Almadies, Omar Ndiaye nous accueille avec un sourire chaleureux. À seulement 32 ans, il est déjà l'un des noms les plus respectés de la scène mode ouest-africaine. Ses créations, reconnaissables à leurs lignes pures et leurs volumes maîtrisés, sont un hommage à l'élégance intemporelle.""},{""element"":""h2"",""classe"":""text-3xl mt-2"",""data"":""'Le vêtement est une structure'""},{""element"":""p"",""classe"":""py-1"",""data"":""'Pour moi, tout part de la coupe. J'ai une formation d'architecte, et j'aborde le vêtement de la même manière : comme une structure qui doit habiller le corps, le sublimer, mais aussi lui permettre de bouger', explique-t-il. 'Je suis obsédé par le tombé d'un tissu, la précision d'une épaule.' Ses inspirations ? Le design de Jean-Michel Frank, la sobriété de l'architecture soudano-sahélienne et la grâce des femmes de sa famille.""},{""element"":""img"",""classe"":""w-[360px] mt-3"",""data"":""14.jpg""},{""element"":""p"",""classe"":""py-1"",""data"":""Il privilégie les matières nobles et locales : le coton du Mali, la soie tissée à la main, le cuir de Kano. 'Produire localement est au cœur de ma démarche. C'est un défi, mais c'est essentiel pour préserver des savoir-faire uniques et créer une véritable économie de la mode durable', affirme le créateur.""},{""element"":""ul"",""classe"":""list-disc pl-5 py-1"",""data"":[{""data"":""Collection 'Dakar-Minuit' : des robes du soir sculpturales en bogolan revisité""},{""data"":""Collaboration avec des artisans bijoutiers pour des pièces en bronze uniques""},{""data"":""Philosophie : Moins de pièces, mais de meilleure qualité (slow fashion)""}]},{""element"":""p"",""classe"":""py-1"",""data"":""Avec des présentations remarquées à Lagos et Johannesburg, Omar Ndiaye rêve maintenant de Paris, non pas pour y chercher une validation, mais pour 'montrer une autre facette de la créativité africaine, une facette sophistiquée, intellectuelle et universelle.'""}]"
3,3,"Dakar Fashion Week: Les Looks les Plus Marquants du Street Style",3,"15.jpg","2022-06-28","La Dakar Fashion Week n'est pas seulement sur les podiums, elle est aussi dans la rue ! Tour d'horizon des tenues les plus inspirantes, colorées et audacieuses qui ont illuminé la capitale sénégalaise.","[{""element"":""p"",""classe"":""py-1"",""data"":""Pendant une semaine, Dakar est devenue la capitale incontestée de la mode africaine. Et si les défilés ont tenu toutes leurs promesses, le véritable spectacle se déroulait souvent à l'extérieur, sur le parvis des lieux de shows. Blogueurs, influenceurs, acheteurs et simples passionnés ont rivalisé de créativité pour offrir un show de street style vibrant.""},{""element"":""h2"",""classe"":""text-3xl mt-2"",""data"":""La Tendance : Le Mix & Match Décomplexé""},{""element"":""p"",""classe"":""py-1"",""data"":""La grande tendance observée est le 'mix & match'. Les imprimés traditionnels (wax, bogolan) se marient sans complexe avec des pièces de créateurs internationaux, le streetwear rencontre le sur-mesure, et les accessoires artisanaux viennent ponctuer des silhouettes ultra-modernes. C'est la preuve d'une mode qui digère les influences mondiales tout en affirmant fièrement son identité locale.""},{""element"":""img"",""classe"":""w-[460px] mt-3"",""data"":""16.jpg""},{""element"":""ul"",""classe"":""list-disc pl-5 py-1"",""data"":[{""data"":""Le retour en force du 'thioub' (tissu teinté) porté en total look""},{""data"":""L'omniprésence des lunettes de soleil futuristes""},{""data"":""Le sac 'made in Sénégal' comme statement piece""},{""data"":""Les coiffures tressées sculpturales, véritables œuvres d'art""},{""data"":""L'association audacieuse de costumes d'hommes avec des sandales en cuir traditionnelles""}]},{""element"":""img"",""classe"":""w-[360px] mt-3"",""data"":""17.jpg""},{""element"":""p"",""classe"":""py-1"",""data"":""Ce qui frappe, c'est la liberté et la confiance qui se dégagent de chaque look. Loin des diktats, le style dakarois est une célébration de l'individualité. Une leçon de mode pour le monde entier.""}]"
4,1,"L'Art du Tissage Manjak: Un Héritage Précieux en Péril",4,"18.jpg","2022-09-10","Plongée au cœur du savoir-faire ancestral des tisserands Manjak. Entre tradition et modernité, cet artisanat d'exception, reconnu pour sa finesse, lutte pour sa survie et sa transmission.","[{""element"":""p"",""classe"":""py-1"",""data"":""Le pagne tissé Manjak, originaire de la région de Casamance et de la Guinée-Bissau, est l'un des textiles les plus complexes et les plus raffinés d'Afrique de l'Ouest. Caractérisé par ses motifs géométriques d'une incroyable précision et ses couleurs profondes, chaque pièce est unique et raconte une histoire.""},{""element"":""img"",""classe"":""w-[460px] mt-3"",""data"":""19.jpg""},{""element"":""h2"",""classe"":""text-3xl mt-2"",""data"":""Un Savoir-Faire Transmis de Père en Fils""},{""element"":""p"",""classe"":""py-1"",""data"":""Le tissage est traditionnellement une affaire d'hommes, sur des métiers à tisser en bois très spécifiques. Le processus est long et fastidieux : il peut falloir plusieurs semaines pour réaliser un seul pagne. C'est un langage silencieux, un héritage transmis de génération en génération. Malheureusement, ce savoir-faire est aujourd'hui menacé.""},{""element"":""ul"",""classe"":""list-disc pl-5 py-1"",""data"":[{""data"":""La concurrence des tissus industriels moins chers""},{""data"":""Le manque d'intérêt des jeunes générations pour cet art exigeant""},{""data"":""La difficulté d'accès aux matières premières de qualité""},{""data"":""Le manque de reconnaissance et de juste rémunération pour les artisans""}]},{""element"":""p"",""classe"":""py-1"",""data"":""Face à ces défis, des initiatives émergent. Des créateurs comme Awa Meïté intègrent le tissu Manjak dans leurs collections de haute couture, lui offrant une visibilité internationale. Des coopératives se montent pour garantir des revenus équitables aux tisserands et encourager la formation des plus jeunes. Préserver le tissage Manjak, c'est préserver une part de l'âme culturelle du Sénégal.""}]"
5,2,"Upcycling et Mode Durable: La Nouvelle Vague de Créateurs Engagés",5,"20.jpg","2022-11-05","Face à l'urgence écologique, une nouvelle génération de designers sénégalais place la durabilité au cœur de sa démarche. L'upcycling, ou surcyclage, n'est plus une niche mais une véritable philosophie créative.","[{""element"":""p"",""classe"":""py-1"",""data"":""Fini le temps de la fast-fashion. À Dakar, la tendance est à la mode consciente. De jeunes créateurs talentueux transforment des matériaux destinés à être jetés en pièces de mode désirables et uniques. Jeans usés, chutes de tissus, sacs de riz en plastique... tout devient matière à créer.""},{""element"":""h2"",""classe"":""text-3xl mt-2"",""data"":""Focus sur trois initiatives inspirantes""},{""element"":""img"",""classe"":""w-[360px] mt-3"",""data"":""21.jpg""},{""element"":""p"",""classe"":""py-1"",""data"":""**1. Bëgg-Tekki (Vouloir Réussir) :** Ce collectif récupère les jeans invendus ou de seconde main pour les transformer en sacs, vestes et accessoires au design impeccable. Chaque pièce est unique et raconte une histoire de résilience.""},{""element"":""p"",""classe"":""py-1"",""data"":""**2. Nataal (Image) :** La créatrice Ndeye Fatou Cissé travaille à partir des chutes de tissus des grands ateliers de couture de Dakar. Elle crée des patchworks colorés qu'elle transforme en robes, jupes et bombers spectaculaires, luttant ainsi contre le gaspillage textile.""},{""element"":""p"",""classe"":""py-1"",""data"":""**3. Plastic Art :** Ce projet audacieux utilise des sacs plastiques, fléau environnemental, pour les tisser et créer des accessoires de mode imperméables et étonnamment chics. Une manière de transformer un problème en solution.""},{""element"":""p"",""classe"":""py-1"",""data"":""Ces initiatives prouvent que la mode peut être à la fois belle, innovante et respectueuse de la planète. Elles inspirent un nouveau mode de consommation, plus local, plus éthique et plus créatif. La révolution durable est en marche dans la mode sénégalaise.""}]"
16,1,"Adja Youne: Révolutionnant la Mode Sénégalaise avec Élégance Contemporaine",6,"28.jpg","2022-02-12","Dans l'effervescence créative de Dakar, Adja Youne émerge comme une force innovante, fusionnant héritage africain et esthétique moderne. Ses collections captivent par leur fluidité et leur sophistication, redéfinissant le paysage de la mode ouest-africaine.","[{""element"":""p"",""classe"":""py-1"",""data"":""Dans l'effervescence créative de Dakar, Adja Youne émerge comme une force innovante, fusionnant héritage africain et esthétique moderne. Ses collections captivent par leur fluidité et leur sophistication, redéfinissant le paysage de la mode ouest-africaine.""},{""element"":""img"",""classe"":""w-[460px] mt-3"",""data"":""28.jpg""},{""element"":""h2"",""classe"":""text-3xl mt-2"",""data"":""Inspirations Profondes et Artisanat Authentique""},{""element"":""p"",""classe"":""py-1"",""data"":""Inspirée par les textures riches du Sénégal, Adja intègre des éléments comme le marbre poli et des formes structurées, créant des pièces qui allient confort et audace. Chaque design est une narration, célébrant la vitalité culturelle tout en embrassant des influences globales.""},{""element"":""p"",""classe"":""py-1"",""data"":""Ses ateliers à Dakar emploient des artisans locaux, préservant des techniques ancestrales tout en innovant avec des matériaux durables. 'La mode est un dialogue entre passé et avenir,' confie Adja dans une interview exclusive.""},{""element"":""ul"",""classe"":""list-disc pl-5 py-1"",""data"":[{""data"":""Collections phares : Série 'Liberté Fluide' avec soies légères""},{""data"":""Collaborations avec artistes sénégalais pour motifs uniques""},{""data"":""Présence à la Paris Fashion Week, acclamée par critiques""},{""data"":""Engagement éco-responsable : Tissus recyclés et teinture naturelle""},{""data"":""Influence sur la jeunesse : Ateliers éducatifs pour aspirants designers""}]},{""element"":""img"",""classe"":""w-[360px] mt-3"",""data"":""29.jpg""},{""element"":""h2"",""classe"":""text-3xl mt-2"",""data"":""Tendances Émergentes et Vision Future""},{""element"":""p"",""classe"":""py-1"",""data"":""Adja prédit une ère où la mode africaine domine les podiums mondiaux, avec un accent sur l'inclusivité et la durabilité. Ses dernières pièces, mêlant motifs tribaux et coupes minimalistes, incarnent cette vision.""},{""element"":""p"",""classe"":""py-1"",""data"":""En explorant ses créations, on discerne une harmonie parfaite entre tradition et innovation, faisant d'Adja Youne une icône incontournable de la mode sénégalaise contemporaine.""}]"
17,3,"Street Style à Saint-Louis: L'Élégance Décontractée des 'Ndar-Ndar'",1,"30.jpg","2023-01-22","Loin de l'effervescence de Dakar, Saint-Louis cultive une élégance intemporelle. Plongée dans le style unique des habitants de l'ancienne capitale, où histoire et modernité se côtoient avec grâce.","[{""element"":""p"",""classe"":""py-1"",""data"":""Saint-Louis du Sénégal, avec ses balcons en fer forgé et ses maisons coloniales aux couleurs pastel, est un décor de cinéma à ciel ouvert. Mais la véritable beauté de la ville réside dans le style de ses habitants, les 'Ndar-Ndar'. Un style marqué par une nonchalance étudiée, un amour pour les beaux tissus et un respect des traditions.""},{""element"":""img"",""classe"":""w-[460px] mt-3"",""data"":""31.jpg""},{""element"":""h2"",""classe"":""text-3xl mt-2"",""data"":""La Primauté du 'Thiouraye' et du Coton Léger""},{""element"":""p"",""classe"":""py-1"",""data"":""Ici, la chaleur et l'humidité dictent les choix vestimentaires. Les cotons légers, les lins et les soies sont rois. Les hommes portent avec une aisance déconcertante des ensembles en 'thioub' (tissu teinté artisanalement) aux couleurs subtiles, tandis que les femmes privilégient les 'taille basse' fluides et les grands foulards noués avec art.""},{""element"":""ul"",""classe"":""list-disc pl-5 py-1"",""data"":[{""data"":""Les babouches en cuir, incontournables pour hommes et femmes""},{""data"":""Les bijoux en argent filigrané, une spécialité locale""},{""data"":""L'art du 'moussor' (foulard de tête), un accessoire signature""},{""data"":""Une palette de couleurs douces : ocre, indigo délavé, blanc cassé""}]},{""element"":""img"",""classe"":""w-[360px] mt-3"",""data"":""32.jpg""},{""element"":""p"",""classe"":""py-1"",""data"":""Le style saint-louisien est une leçon de 'less is more'. Il prouve que l'élégance véritable n'a pas besoin d'artifices, mais d'une parfaite harmonie entre le vêtement, celui qui le porte et l'environnement qui l'entoure.""}]"
18,4,"Le Business du 'Made in Senegal': Défis et Opportunités",1,"33.jpg","2023-02-05","Le label 'Made in Senegal' est de plus en plus recherché, mais quels sont les véritables défis pour les créateurs qui souhaitent produire localement à grande échelle ? Analyse d'un secteur en pleine mutation.","[{""element"":""p"",""classe"":""py-1"",""data"":""L'engouement pour la mode africaine sur la scène internationale a mis un coup de projecteur sur le Sénégal. Les créateurs locaux bénéficient d'une visibilité sans précédent. Cependant, derrière les paillettes des défilés se cache une réalité industrielle complexe. Produire 100% localement reste un parcours du combattant.""},{""element"":""h2"",""classe"":""text-3xl mt-2"",""data"":""Les Principaux Obstacles à Surmonter""},{""element"":""p"",""classe"":""py-1"",""data"":""Le premier défi est celui de la chaîne d'approvisionnement. Bien que le Sénégal produise du coton, la transformation en fil puis en tissu de haute qualité se fait majoritairement à l'étranger. Les créateurs doivent souvent importer des matières premières, ce qui augmente les coûts et les délais.""},{""element"":""ul"",""classe"":""list-disc pl-5 py-1"",""data"":[{""data"":""Manque d'unités de production textile à grande échelle""},{""data"":""Formation de la main-d'œuvre qualifiée (modélisme, patronage)""},{""data"":""Accès au financement pour développer les ateliers""},{""data"":""Logistique et coûts d'exportation élevés""},{""data"":""Concurrence des importations à bas prix""}]},{""element"":""h2"",""classe"":""text-3xl mt-2"",""data"":""Des Pistes d'Avenir Prometteuses""},{""element"":""p"",""classe"":""py-1"",""data"":""Malgré ces freins, des solutions émergent. Des initiatives gouvernementales visent à relancer la filière textile. Des pôles de production mutualisés voient le jour à Dakar et Thiès, permettant aux jeunes marques de partager des équipements coûteux. L'e-commerce et les plateformes comme Instagram offrent un accès direct au marché international, contournant les distributeurs traditionnels. Le 'Made in Senegal' a un avenir brillant, à condition que l'écosystème entrepreneurial et industriel se structure pour soutenir sa croissance.""},{""element"":""img"",""classe"":""w-[460px] mt-3"",""data"":""34.jpg""}]"
19,1,"La Teinture Indigo: Un Savoir-Faire Ancestral au Coeur de la Modernité",2,"35.jpg","2023-02-18","La couleur indigo, ce bleu profond et mystérieux, est indissociable de l'histoire textile de l'Afrique de l'Ouest. Au Sénégal, des artisans passionnés perpétuent cette technique de teinture naturelle complexe et la réinventent.","[{""element"":""p"",""classe"":""py-1"",""data"":""Obtenu à partir des feuilles de l'indigotier, l'indigo est bien plus qu'une couleur. C'est un processus alchimique, un rituel qui demande patience, expertise et un profond respect pour la nature. Chaque bain de teinture est unique, offrant une palette de bleus allant du céleste au presque noir.""},{""element"":""img"",""classe"":""w-[460px] mt-3"",""data"":""36.jpg""},{""element"":""h2"",""classe"":""text-3xl mt-2"",""data"":""Les Étapes d'un Art Délicat""},{""element"":""p"",""classe"":""py-1"",""data"":""Le processus commence par la récolte des feuilles d'indigotier, qui sont ensuite fermentées dans des cuves en terre cuite pendant plusieurs jours. C'est cette fermentation qui libère le pigment bleu. Les tissus, souvent du coton ou du lin, sont ensuite noués, cousus ou pliés (technique du 'tie-dye') avant d'être plongés dans la teinture. C'est au contact de l'air, en sortant du bain, que le tissu, d'abord jaune-vert, s'oxyde et révèle par magie sa couleur bleue.""},{""element"":""ul"",""classe"":""list-disc pl-5 py-1"",""data"":[{""data"":""Techniques de réserve : Le 'thioup' pour créer des motifs""},{""data"":""Symbolisme : Le bleu indigo est souvent associé à la richesse, à la spiritualité et à la protection""},{""data"":""Lieux emblématiques : La région de la Casamance est un haut lieu de la teinture à l'indigo""},{""data"":""Défis : La concurrence des teintures chimiques, moins chères mais polluantes""}]},{""element"":""p"",""classe"":""py-1"",""data"":""Aujourd'hui, des designers comme Bineta Sané collaborent avec des maîtres teinturiers pour créer des pièces contemporaines, assurant la transmission de ce patrimoine et séduisant une clientèle en quête d'authenticité et de produits durables.""}]"
20,2,"Selly Raby Kane: La Muse Afrofuturiste de la Mode Sénégalaise",3,"37.jpg","2023-03-11","Portrait d'une créatrice inclassable. Selly Raby Kane n'est pas seulement une designer de mode, c'est une artiste totale qui construit des univers fantastiques où se rencontrent la culture pop, la science-fiction et les traditions sénégalaises.","[{""element"":""p"",""classe"":""py-1"",""data"":""Dans le paysage de la mode sénégalaise, Selly Raby Kane est une comète. Ses défilés-performances, organisés dans des lieux insolites de Dakar comme une ancienne gare ou un marché aux poissons, sont des événements culturels à part entière. Sa mode est narrative, audacieuse, et profondément conceptuelle.""},{""element"":""img"",""classe"":""w-[460px] mt-3"",""data"":""38.jpg""},{""element"":""h2"",""classe"":""text-3xl mt-2"",""data"":""Un Vocabulaire Esthétique Unique""},{""element"":""p"",""classe"":""py-1"",""data"":""L'univers de SRK est un collage surréaliste. Elle puise son inspiration aussi bien dans les dessins animés de son enfance que dans les créatures mythologiques africaines ou l'esthétique des super-héros. Cela se traduit par des silhouettes déconstruites, des volumes exagérés et un usage audacieux de matières inattendues comme le plastique recyclé, le néoprène ou le bazin peint à la main.""},{""element"":""ul"",""classe"":""list-disc pl-5 py-1"",""data"":[{""data"":""Collection 'Alien Cartoon' : une invasion extraterrestre stylisée à Dakar""},{""data"":""Collaboration avec IKEA pour une collection capsule remarquée""},{""data"":""Utilisation de l'impression 3D pour des accessoires avant-gardistes""},{""data"":""Engagement pour une mode plus inclusive et conceptuelle en Afrique""}]},{""element"":""img"",""classe"":""w-[360px] mt-3"",""data"":""39.jpg""},{""element"":""p"",""classe"":""py-1"",""data"":""Plus qu'une marque, Selly Raby Kane a créé un label créatif qui produit aussi des courts-métrages et des installations artistiques. Elle incarne une nouvelle génération d'artistes africains qui refusent les étiquettes et utilisent la mode comme un médium pour raconter de nouvelles histoires, celles d'une Afrique résolument tournée vers le futur.""}]"
21,3,"Les 5 Accessoires Indispensables de la Saison à Dakar",5,"40.jpg","2023-03-25","Quels sont les accessoires qui font la différence dans les rues de Dakar ce printemps ? De l'artisanat local aux pièces de créateurs, voici notre sélection des 5 'it-accessoires' à adopter d'urgence.","[{""element"":""p"",""classe"":""py-1"",""data"":""Un look, même simple, peut être totalement transformé par les bons accessoires. À Dakar, où l'on a le sens du détail, les accessoires sont bien plus que de simples ornements : ils sont une affirmation de style et d'identité. Voici les 5 pièces qui font battre le cœur des modeuses cette saison.""},{""element"":""h2"",""classe"":""text-3xl mt-2"",""data"":""La Sélection de la Rédaction""},{""element"":""p"",""classe"":""py-1"",""data"":""**1. Le Sac en Perles Recyclées :** Vu sur tous les bras, ce sac entièrement confectionné à partir de perles de plastique recyclé est le comble du chic éco-responsable. Coloré, ludique et artisanal, il apporte une touche de fraîcheur à n'importe quelle tenue.""},{""element"":""img"",""classe"":""w-[360px] mt-3"",""data"":""41.jpg""},{""element"":""p"",""classe"":""py-1"",""data"":""**2. Les Créoles en Bronze XXL :** Les bijoux en bronze font un retour en force. On oublie la discrétion et on opte pour des créoles surdimensionnées, martelées à la main, inspirées des parures royales de l'ancien empire du Ghana.""},{""element"":""p"",""classe"":""py-1"",""data"":""**3. Les Mules 'Tougou' :** Ces sandales en cuir traditionnelles, revisitées par des créateurs avec des couleurs vives et des détails modernes, sont les chaussures parfaites pour affronter la chaleur avec style. Confortables et élégantes, elles se portent avec tout.""},{""element"":""p"",""classe"":""py-1"",""data"":""**4. Le Bob en Wax :** Le bob, ou chapeau de pêcheur, n'est plus réservé aux touristes. En version imprimé wax, il devient un accessoire de mode pointu, parfait pour se protéger du soleil tout en affichant un look urbain et décalé.""},{""element"":""p"",""classe"":""py-1"",""data"":""**5. Le Collier de Cailloux Polis :** Inspirés par les plages de la Petite Côte, les colliers faits de galets et de verre poli par la mer sont le must-have de la saison. Chaque pièce est unique et apporte une touche organique et poétique à un décolleté.""}]"
22,1,"Interview avec Adama Paris: 'La mode africaine n'est pas une tendance, c'est un futur'",5,"42.jpg","2023-04-12","Rencontre avec Adama Ndiaye, plus connue sous le nom d'Adama Paris. La fondatrice de la Dakar Fashion Week et de la chaîne Fashion Africa TV nous livre sa vision sans concession sur l'état et l'avenir de la mode sur le continent.","[{""element"":""p"",""classe"":""py-1"",""data"":""Adama Paris est une pionnière. Depuis plus de vingt ans, elle se bat pour offrir une plateforme et une voix aux créateurs africains. Nous l'avons rencontrée dans les bureaux de sa chaîne de télévision, un espace vibrant de créativité au cœur de Dakar.""},{""element"":""h2"",""classe"":""text-3xl mt-2"",""data"":""'Nous devons créer notre propre écosystème'""},{""element"":""p"",""classe"":""py-1"",""data"":""**Q : Vingt ans après la première Dakar Fashion Week, quel regard portez-vous sur l'évolution de la mode africaine ?**<br>R : Le chemin parcouru est immense. Quand j'ai commencé, on nous regardait avec condescendance. Aujourd'hui, les créateurs africains sont invités partout, les magazines nous consacrent des unes. Mais la visibilité ne suffit pas. Le plus grand défi est économique. Nous devons cesser d'attendre la validation de l'Occident et construire notre propre écosystème : produire nos tissus, fabriquer sur place, vendre sur nos propres plateformes.""},{""element"":""img"",""classe"":""w-[460px] mt-3"",""data"":""43.jpg""},{""element"":""p"",""classe"":""py-1"",""data"":""**Q : Quelle est selon vous la plus grande force des créateurs du continent ?**<br>R : Notre capacité à raconter des histoires. Un vêtement africain n'est jamais juste un vêtement. Il est chargé de symboles, de savoir-faire, d'histoire. C'est notre plus grand atout face à la fast-fashion qui est sans âme. Notre autre force, c'est la créativité née de la contrainte. On sait innover avec peu de moyens, on est les rois du recyclage et de la débrouille. C'est la définition même de la durabilité !""},{""element"":""p"",""classe"":""py-1"",""data"":""**Q : Un conseil pour un jeune qui veut se lancer ?**<br>R : Soyez authentique. Ne cherchez pas à copier ce qui se fait ailleurs. Votre identité, vos racines, c'est votre plus grande richesse. Et soyez un entrepreneur, pas seulement un artiste. Apprenez à gérer un budget, à communiquer, à vendre. La créativité sans le business, ça ne mène nulle part.""}]"
23,4,"La Sneaker Culture à Dakar: Plus qu'une Tendance, un Phénomène Social",2,"44.jpg","2023-05-03","La folie des baskets de collection a bien déferlé sur Dakar. Loin d'être un simple phénomène de mode, la 'sneaker culture' révèle des dynamiques sociales, économiques et identitaires fascinantes chez la jeunesse dakaroise.","[{""element"":""p"",""classe"":""py-1"",""data"":""Dans les rues de la capitale sénégalaise, les babouches traditionnelles côtoient désormais les dernières Jordan, Yeezy ou New Balance. Les 'sneakerheads', ces collectionneurs passionnés, sont de plus en plus nombreux. Des boutiques spécialisées ont ouvert, des groupes d'échange s'organisent sur les réseaux sociaux, et la valeur de revente de certains modèles peut atteindre des sommets.""},{""element"":""h2"",""classe"":""text-3xl mt-2"",""data"":""Un Marqueur de Statut Social et d'Appartenance""},{""element"":""p"",""classe"":""py-1"",""data"":""Pour beaucoup de jeunes, posséder la bonne paire de baskets est un signe de réussite et de connexion à une culture globale. C'est une manière de s'affirmer, de montrer son goût et sa connaissance des codes de la street culture mondiale. La sneaker devient un accessoire central du look, autour duquel s'articule toute la tenue.""},{""element"":""ul"",""classe"":""list-disc pl-5 py-1"",""data"":[{""data"":""L'influence de la diaspora : Les 'modou-modou' qui ramènent les derniers modèles d'Europe et des USA""},{""data"":""Le rôle des artistes : Les rappeurs et danseurs sénégalais comme ambassadeurs des grandes marques""},{""data"":""L'essor du marché de la seconde main et de la contrefaçon de qualité""},{""data"":""L'art de l'assortiment : La sneaker se porte désormais avec des tenues traditionnelles comme le 'kaftan' pour un look hybride audacieux""}]},{""element"":""img"",""classe"":""w-[460px] mt-3"",""data"":""45.jpg""},{""element"":""p"",""classe"":""py-1"",""data"":""Ce phénomène n'est pas sans soulever des questions sur la société de consommation. Mais il révèle surtout une jeunesse dakaroise créative, qui s'approprie des codes mondiaux pour les réinterpréter et créer un style unique, un pont entre tradition locale et modernité globale.""}]"
24,2,"Tongoro: La Révolution Digitale de Sarah Diouf",3,"46.jpg","2023-05-21","Focus sur Tongoro, la marque 100% digitale et 'made in Senegal' qui a séduit des stars mondiales comme Beyoncé. Sa fondatrice, Sarah Diouf, a bâti un modèle économique innovant qui pourrait bien redéfinir l'industrie de la mode sur le continent.","[{""element"":""p"",""classe"":""py-1"",""data"":""Lancée en 2016, la marque Tongoro s'est rapidement imposée comme un cas d'école. Son crédo : offrir des pièces de créateur, fabriquées au Sénégal, à des prix accessibles, et les vendre exclusivement en ligne. Une stratégie qui a permis à la marque de toucher une clientèle internationale sans avoir besoin de boutiques physiques.""},{""element"":""img"",""classe"":""w-[460px] mt-3"",""data"":""47.jpg""},{""element"":""h2"",""classe"":""text-3xl mt-2"",""data"":""Un Modèle Économique Pertinent""},{""element"":""p"",""classe"":""py-1"",""data"":""Le génie de Sarah Diouf a été de comprendre très tôt le potentiel de l'e-commerce et des réseaux sociaux. En maîtrisant son image sur Instagram et en proposant une expérience d'achat en ligne fluide, elle a contourné les obstacles traditionnels de la distribution. La production est centralisée à Dakar, ce qui permet de soutenir l'artisanat local et de garantir une confection de qualité.""},{""element"":""ul"",""classe"":""list-disc pl-5 py-1"",""data"":[{""data"":""Esthétique : Des pièces fluides, des imprimés audacieux et des coupes majestueuses""},{""data"":""Cible : Une clientèle jeune, connectée et internationale""},{""data"":""Le 'coup de pouce' de Beyoncé : En portant plusieurs créations de la marque, la star a offert une visibilité planétaire à Tongoro""},{""data"":""Philosophie : Rendre le 'Made in Africa' désirable et accessible""}]},{""element"":""p"",""classe"":""py-1"",""data"":""Le succès de Tongoro prouve qu'il est possible de créer une marque de mode africaine à la fois rentable, éthique et globalement reconnue. C'est une source d'inspiration pour de nombreux jeunes entrepreneurs du continent, qui voient dans le digital une opportunité unique de faire rayonner leur créativité sans frontières.""}]"
25,1,"Le 'Moussor': Bien Plus qu'un Foulard, une Affirmation Identitaire",3,"48.jpg","2023-06-10","Le 'moussor', ou l'art de nouer le foulard de tête, est une tradition séculaire au Sénégal. Mais aujourd'hui, il devient un véritable accessoire de mode et un symbole de fierté culturelle pour les jeunes générations, qui rivalisent d'inventivité dans leurs nouages.","[{""element"":""p"",""classe"":""py-1"",""data"":""Porter un 'moussor' n'est jamais un acte anodin. Il peut indiquer le statut social, l'appartenance ethnique, l'humeur du jour ou simplement une envie de coquetterie. Autrefois réservé aux femmes mariées ou aux cérémonies, le foulard de tête est aujourd'hui adopté par toutes, et même par certains hommes, comme un statement de mode.""},{""element"":""img"",""classe"":""w-[460px] mt-3"",""data"":""49.jpg""},{""element"":""h2"",""classe"":""text-3xl mt-2"",""data"":""Un Art aux Mille Possibilités""},{""element"":""p"",""classe"":""py-1"",""data"":""Il existe une infinité de manières de nouer un foulard. Des nouages simples et rapides pour le quotidien aux architectures complexes et spectaculaires pour les grandes occasions. Chaque nouage a un nom et une signification. Les 'youtubeuses' et 'instagrameuses' sénégalaises proposent d'ailleurs de nombreux tutoriels pour apprendre à maîtriser cet art.""},{""element"":""ul"",""classe"":""list-disc pl-5 py-1"",""data"":[{""data"":""Le 'Gele' : Le nouage haut et sophistiqué, d'inspiration nigériane""},{""data"":""Le Turban : Un style plus simple et moderne, popularisé par des artistes comme Alicia Keys""},{""data"":""Le 'Tassaba' : Un nouage plus lâche et décontracté, souvent porté à la maison""},{""data"":""Matières : Du wax coloré au bazin riche, en passant par la soie et le coton léger""}]},{""element"":""img"",""classe"":""w-[360px] mt-3"",""data"":""50.jpg""},{""element"":""p"",""classe"":""py-1"",""data"":""En se réappropriant le 'moussor', la jeunesse sénégalaise montre son attachement à son héritage tout en affirmant son individualité. C'est la preuve qu'une tradition, pour survivre, doit savoir se réinventer et vivre avec son temps. Le foulard de tête n'a jamais été aussi moderne.""}]"
26,3,"Pop-up Markets à Dakar: Les Nouveaux Temples de la Création Locale",6,"51.jpg","2023-07-01","Les marchés de créateurs éphémères, ou 'pop-up markets', se multiplient à Dakar. Ces événements sont devenus des rendez-vous incontournables pour dénicher des pièces uniques et rencontrer la nouvelle garde de la mode sénégalaise.","[{""element"":""p"",""classe"":""py-1"",""data"":""Le concept est simple : réunir le temps d'un week-end une sélection pointue de créateurs de mode, d'accessoires, de design et de cosmétiques dans un lieu convivial. Le succès est fulgurant. Ces marchés répondent à une demande croissante pour une consommation plus locale, plus authentique et plus humaine.""},{""element"":""img"",""classe"":""w-[460px] mt-3"",""data"":""52.jpg""},{""element"":""h2"",""classe"":""text-3xl mt-2"",""data"":""Plus qu'un Lieu de Vente, un Lieu de Vie""},{""element"":""p"",""classe"":""py-1"",""data"":""Ce qui fait le succès de ces événements, c'est l'expérience proposée. On y vient pour faire du shopping, mais aussi pour bruncher, écouter de la musique live, participer à des ateliers créatifs... C'est une véritable célébration de la créativité locale, un lieu de rencontre et d'échange entre les créateurs et leur public.""},{""element"":""ul"",""classe"":""list-disc pl-5 py-1"",""data"":[{""data"":""Le 'Souk des Créateurs' au Monument de la Renaissance""},{""data"":""Le marché 'Made in Senegal' de l'Institut Français""},{""data"":""Les 'Dakar Farmers Market' qui intègrent une dimension mode""},{""data"":""Une vitrine exceptionnelle pour les jeunes marques qui n'ont pas de boutique""}]},{""element"":""p"",""classe"":""py-1"",""data"":""Ces pop-up markets sont le reflet d'un nouvel écosystème créatif à Dakar, plus collaboratif, plus agile et plus proche des consommateurs. Ils sont le poumon de la jeune création sénégalaise.""}]"
27,4,"L'Industrie du Cuir au Sénégal: Entre Tradition et Modernisation",5,"53.jpg","2023-07-15","Le Sénégal possède un savoir-faire historique dans le travail du cuir, notamment dans la maroquinerie et la chaussure. Mais le secteur peine à se moderniser pour répondre aux standards internationaux. État des lieux.","[{""element"":""p"",""classe"":""py-1"",""data"":""Des babouches de Saint-Louis aux sacs en peau de serpent de Dakar, le cuir est omniprésent dans l'artisanat sénégalais. Les tanneurs et les maroquiniers se transmettent des techniques ancestrales de génération en génération. Pourtant, cette richesse est confrontée à de nombreux défis.""},{""element"":""h2"",""classe"":""text-3xl mt-2"",""data"":""Qualité et Durabilité : Les Points Faibles""},{""element"":""p"",""classe"":""py-1"",""data"":""Le principal problème réside dans la qualité du tannage, souvent réalisé avec des produits chimiques polluants et peu contrôlés, ce qui affecte la durabilité du cuir. De plus, le design des produits reste souvent très traditionnel et peine à séduire un marché plus large.""},{""element"":""ul"",""classe"":""list-disc pl-5 py-1"",""data"":[{""data"":""Le tannage végétal, une alternative écologique mais plus coûteuse""},{""data"":""La nécessité de centres de formation pour moderniser les techniques""},{""data"":""La concurrence des produits d'importation en similicuir""},{""data"":""Le potentiel de la 'petite maroquinerie' (portefeuilles, ceintures)""}]},{""element"":""img"",""classe"":""w-[360px] mt-3"",""data"":""54.jpg""},{""element"":""p"",""classe"":""py-1"",""data"":""Des marques comme 'Jokko' ou 'O'Karah' tentent de changer la donne en proposant des sacs et accessoires en cuir de haute qualité, au design contemporain, tout en valorisant le travail des artisans locaux. C'est la voie à suivre pour que le cuir sénégalais puisse conquérir ses lettres de noblesse à l'international.""}]"
28,1,"Le 'Thiakara': Histoire d'un bijou, du fétiche au podium",2,"55.jpg","2023-08-02","Ce collier de perles colorées porté à la taille est un symbole de séduction et de féminité au Sénégal. Autrefois intime et secret, le 'thiakara' (ou 'dial-diali') s'expose aujourd'hui et devient un accessoire de mode à part entière.","[{""element"":""p"",""classe"":""py-1"",""data"":""Le 'thiakara', aussi appelé 'baya' dans d'autres régions d'Afrique de l'Ouest, est une chaîne de perles que les femmes portent autour des hanches. Traditionnellement, il n'était visible que par l'époux, comme un atout de séduction. Mais les temps changent, et ce bijou intime sort de la sphère privée.""},{""element"":""h2"",""classe"":""text-3xl mt-2"",""data"":""Un Langage Codé""},{""element"":""p"",""classe"":""py-1"",""data"":""Chaque 'thiakara' a une signification. Les couleurs, le nombre de rangs, la taille des perles, et même le son qu'elles produisent en bougeant, tout est un langage. Certaines perles auraient des vertus aphrodisiaques, d'autres porteraient chance ou protégeraient du mauvais œil.""},{""element"":""ul"",""classe"":""list-disc pl-5 py-1"",""data"":[{""data"":""Les perles phosphorescentes, pour briller dans l'obscurité""},{""data"":""Le passage de la jeune fille à la femme, marqué par le don du premier 'thiakara'""},{""data"":""La tendance 'crop-top' qui dévoile subtilement les chaînes de taille""},{""data"":""Des créateurs de bijoux qui en proposent des versions luxueuses en pierres semi-précieuses""}]},{""element"":""img"",""classe"":""w-[460px] mt-3"",""data"":""56.jpg""},{""element"":""p"",""classe"":""py-1"",""data"":""En s'affichant sur les plages, dans les clips vidéo et même sur les podiums de la Dakar Fashion Week, le 'thiakara' se libère de ses tabous. Il devient un symbole de l'affirmation du corps féminin et de la réappropriation d'une tradition de séduction.""}]"
29,2,"Joséphine Gaïa: La Prêtresse du Lin et des Coupes Épurées",3,"57.jpg","2023-08-20","Dans un monde de la mode souvent exubérant, la créatrice Joséphine Gaïa a fait le pari du minimalisme. Ses collections tout en lin, aux coupes impeccables et aux couleurs naturelles, sont une ode à la simplicité et à l'élégance intemporelle.","[{""element"":""p"",""classe"":""py-1"",""data"":""La boutique-atelier de Joséphine Gaïa, située dans le quartier résidentiel de Mermoz, est un havre de paix. Ici, pas d'imprimés criards ni de volumes extravagants. Tout n'est que calme, luxe et volupté. Sa matière de prédilection : le lin, qu'elle décline dans toutes ses formes.""},{""element"":""h2"",""classe"":""text-3xl mt-2"",""data"":""La Philosophie du 'Less is More'""},{""element"":""p"",""classe"":""py-1"",""data"":""'Je voulais créer des vêtements qui traversent les saisons et les tendances. Des pièces que l'on garde toute une vie', explique la créatrice. 'Le lin est une matière extraordinaire pour cela : il est écologique, thermorégulateur, et il s'embellit avec le temps.' Ses créations sont des basiques parfaitement coupés : chemises amples, pantalons larges, robes-tuniques...""},{""element"":""ul"",""classe"":""list-disc pl-5 py-1"",""data"":[{""data"":""Une palette de couleurs inspirée de la nature : sable, terre, argile, blanc""},{""data"":""Des détails soignés : boutons en nacre, coutures anglaises""},{""data"":""Une production locale et à la demande pour éviter le gaspillage""},{""data"":""Une clientèle fidèle, en quête d'un luxe discret et durable""}]},{""element"":""img"",""classe"":""w-[360px] mt-3"",""data"":""58.jpg""},{""element"":""p"",""classe"":""py-1"",""data"":""Le succès de Joséphine Gaïa montre qu'il y a une place au Sénégal pour une mode plus sobre et intellectuelle. Une mode qui ne crie pas, mais qui murmure l'élégance à l'oreille de celles qui savent l'entendre.""}]"
30,3,"Mode et Religion: Le Style Élégant des Grandes Fêtes Musulmanes",2,"59.jpg","2023-09-09","Les fêtes de la Tabaski et de la Korité sont des moments forts de la vie sociale et religieuse au Sénégal. Ce sont aussi de véritables défilés de mode, où chacun rivalise d'élégance pour présenter ses plus beaux atours. Décryptage d'un style unique.","[{""element"":""p"",""classe"":""py-1"",""data"":""Bien plus qu'une simple tradition, s'habiller pour les grandes fêtes musulmanes est un art. Des semaines à l'avance, les familles économisent pour acheter les plus beaux tissus et les confier aux meilleurs tailleurs. Le jour J, les rues se transforment en un podium chatoyant.""},{""element"":""h2"",""classe"":""text-3xl mt-2"",""data"":""Les Codes de l'Élégance Cérémonielle""},{""element"":""p"",""classe"":""py-1"",""data"":""Le maître-mot est l'élégance respectueuse. Les tenues sont souvent amples et couvrantes, mais d'un raffinement extrême. Pour les hommes, le 'grand boubou' en bazin riche, impeccablement amidonné et orné de broderies complexes, est de rigueur. Pour les femmes, c'est une explosion de créativité : ensembles 'taille basse' en soie, en dentelle ou en 'getzner' (bazin de luxe), accessoirisés de bijoux en or et de foulards savamment noués.""},{""element"":""ul"",""classe"":""list-disc pl-5 py-1"",""data"":[{""data"":""Le rôle central du tailleur, véritable artiste et confident""},{""data"":""La 'guerre' des broderies : chaque année apporte ses nouveaux motifs""},{""data"":""L'importance du 'sagar' (l'art de se parer) : parfum, maquillage, coiffure...""},{""data"":""La tendance du 'matchy-matchy' : toute la famille habillée avec le même tissu""}]},{""element"":""img"",""classe"":""w-[460px] mt-3"",""data"":""60.jpg""},{""element"":""p"",""classe"":""py-1"",""data"":""Cette 'mode de fête' est un moteur économique crucial pour le secteur de l'artisanat. Elle est aussi le reflet d'une société qui, tout en étant profondément pieuse, accorde une grande importance à l'esthétique et à la célébration de la beauté.""}]"
31,1,"Le Bogolan 2.0 : Comment le Tissu de Boue Traditionnel est Devenu une Icône Pop",2,"61.jpg","2023-10-15","Le bogolan, ce tissu malien teint à l'argile fermentée, a transcendé ses origines pour devenir un imprimé universel. Des créateurs sénégalais aux grandes marques internationales, tous se l'arrachent et le réinterprètent.","[{""element"":""p"",""classe"":""py-1"",""data"":""Traditionnellement utilisé par les chasseurs pour ses vertus de camouflage, le bogolan est aujourd'hui un symbole de l'identité culturelle ouest-africaine. Ses motifs géométriques noirs, blancs et ocre sont instantanément reconnaissables. Mais comment ce tissu artisanal a-t-il conquis la planète mode ?""},{""element"":""img"",""classe"":""w-[460px] mt-3"",""data"":""62.jpg""},{""element"":""h2"",""classe"":""text-3xl mt-2"",""data"":""De l'Artisanat à la Fast-Fashion""},{""element"":""p"",""classe"":""py-1"",""data"":""Le créateur malien Chris Seydou fut l'un des premiers à le faire monter sur les podiums dans les années 80. Depuis, le bogolan a connu plusieurs vagues de popularité. Aujourd'hui, on ne compte plus les marques qui s'en inspirent. Le risque est la dilution de son sens et l'appropriation culturelle, où l'imprimé est utilisé sans juste rémunération pour les artisans qui le produisent.""},{""element"":""ul"",""classe"":""list-disc pl-5 py-1"",""data"":[{""data"":""Le vrai bogolan (fait main) vs l'imprimé bogolan (industriel)""},{""data"":""Des créateurs sénégalais comme Bull Doff qui le modernisent sur des bombers ou des sneakers""},{""data"":""Utilisation dans la décoration d'intérieur : coussins, plaids, tentures murales""},{""data"":""Le débat sur l'appropriation culturelle et l'importance du 'storytelling'""}]},{""element"":""p"",""classe"":""py-1"",""data"":""Le défi aujourd'hui est de préserver l'authenticité de cet art tout en lui permettant de continuer à voyager. Cela passe par l'éducation des consommateurs et le soutien aux filières de production éthiques et artisanales. Le bogolan est bien plus qu'un motif, c'est une histoire qui mérite d'être racontée correctement.""}]"
32,4,"Fashion Tech: Les Startups qui Digitalisent la Mode Sénégalaise",5,"63.jpg","2023-11-04","La technologie est en train de transformer l'industrie de la mode, et le Sénégal n'est pas en reste. Des plateformes de e-commerce aux solutions de logistique, des startups innovantes émergent pour répondre aux défis du secteur.","[{""element"":""p"",""classe"":""py-1"",""data"":""Si les créateurs sont les stars de la mode, les entrepreneurs de la 'Fashion Tech' en sont les héros de l'ombre. Ils développent les outils et les plateformes qui permettent aux marques de grandir, de vendre et d'exporter. Zoom sur trois startups qui font bouger les lignes.""},{""element"":""h2"",""classe"":""text-3xl mt-2"",""data"":""Trois Pépites de la Tech Dakaroise""},{""element"":""p"",""classe"":""py-1"",""data"":""**1. 'Afrikrea' (Marketplace) :** Bien que panafricaine, cette plateforme est massivement utilisée par les créateurs sénégalais. Elle leur offre une vitrine internationale et gère la complexité des paiements et de la logistique, leur permettant de se concentrer sur la création.""},{""element"":""p"",""classe"":""py-1"",""data"":""**2. 'SooRetul' (La cabine d'essayage virtuelle) :** Cette jeune pousse développe une application mobile qui, grâce à la réalité augmentée, permet aux clients d'essayer virtuellement des vêtements depuis leur salon. Une solution pour lever le principal frein à l'achat de mode en ligne.""},{""element"":""p"",""classe"":""py-1"",""data"":""**3. 'Yobanté' (Logistique) :** Le dernier kilomètre de la livraison est un cauchemar à Dakar. Yobanté est une plateforme de livraison collaborative qui permet aux marques d'expédier leurs produits de manière rapide et peu coûteuse en s'appuyant sur un réseau de voyageurs et de coursiers.""},{""element"":""img"",""classe"":""w-[360px] mt-3"",""data"":""64.jpg""},{""element"":""p"",""classe"":""py-1"",""data"":""Ces innovations ne sont pas des gadgets. Elles sont essentielles pour structurer le marché, améliorer l'expérience client et permettre au 'Made in Senegal' de rivaliser à l'échelle mondiale. La future croissance de la mode sénégalaise passera inévitablement par la technologie.""}]"
33,3,"Le Look des 'Badjenu Gox': La Tante du Quartier, Nouvelle Icône de Style",1,"65.jpg","2023-11-26","La 'badjenu gox' (la tante du quartier, en wolof) est une figure centrale de la vie sociale sénégalaise. Son style, souvent jugé classique, est en réalité une source d'inspiration inépuisable, un mélange de tradition, de confort et d'une assurance à toute épreuve.","[{""element"":""p"",""classe"":""py-1"",""data"":""C'est la voisine bienveillante, la confidente, celle qui a toujours le bon conseil. La 'badjenu gox' est le pilier de sa communauté. Et son style vestimentaire reflète ce statut. Loin des tendances éphémères, elle cultive une élégance pratique et statutaire qui force le respect.""},{""element"":""h2"",""classe"":""text-3xl mt-2"",""data"":""Les Pièces Clés du Dressing de la 'Badjenu Gox'""},{""element"":""p"",""classe"":""py-1"",""data"":""Son uniforme est souvent composé d'un ensemble 'taille basse' en 'thioub' ou en wax de qualité supérieure. La coupe est ample pour être à l'aise dans ses activités quotidiennes. Le 'moussor' est toujours parfaitement noué, et ses pieds sont chaussés de mules en cuir confortables mais élégantes.""},{""element"":""ul"",""classe"":""list-disc pl-5 py-1"",""data"":[{""data"":""Le grand cabas, pour faire son marché avec style""},{""data"":""Les bijoux en or, discrets mais de grande valeur, un signe de son statut""},{""data"":""Le téléphone portable dernière génération, qui contraste avec son look traditionnel""},{""data"":""Le parfum 'gongo', cet encens traditionnel qui laisse un sillage envoûtant""}]},{""element"":""img"",""classe"":""w-[460px] mt-3"",""data"":""66.jpg""},{""element"":""p"",""classe"":""py-1"",""data"":""De jeunes créateurs commencent à s'inspirer de cette esthétique, la modernisant avec des coupes plus structurées et des tissus innovants. La 'badjenu gox', sans le savoir, est devenue une muse. Son style est l'incarnation d'une 'slow fashion' avant l'heure : des vêtements de qualité, faits pour durer et pour être vécus.""}]"
34,2,"Bull Doff: Le Ghetto Blaster de la Mode Urbaine Sénégalaise",6,"67.jpg","2023-12-12","Focus sur la marque Bull Doff, fondée par le créateur Baay Sooley. Avec son esthétique streetwear radicale, ses messages engagés et son amour pour la culture hip-hop, la marque est devenue le porte-drapeau d'une jeunesse dakaroise rebelle et créative.","[{""element"":""p"",""classe"":""py-1"",""data"":""'Bull Doff' signifie 'C'est assez !' en wolof. Le ton est donné. La marque n'est pas là pour faire dans la dentelle. Née dans le quartier populaire de la Médina à Dakar, Bull Doff puise son énergie dans la rue, la musique et les revendications sociales.""},{""element"":""h2"",""classe"":""text-3xl mt-2"",""data"":""Un Streetwear avec une Âme""},{""element"":""p"",""classe"":""py-1"",""data"":""Les pièces signatures de la marque sont les t-shirts à slogans, les bombers en patchwork de wax et de denim, et les casquettes brodées. Baay Sooley utilise le vêtement comme un support d'expression. Il y imprime des portraits de héros de l'indépendance africaine, des proverbes wolofs détournés ou des critiques de la société de consommation.""},{""element"":""ul"",""classe"":""list-disc pl-5 py-1"",""data"":[{""data"":""L'upcycling au cœur de la démarche : de nombreuses pièces sont créées à partir de vêtements de seconde main""},{""data"":""Une forte connexion avec la scène musicale : la marque habille de nombreux rappeurs et artistes sénégalais""},{""data"":""Des défilés organisés dans la rue, avec les habitants du quartier comme mannequins""},{""data"":""Un succès qui dépasse les frontières, avec des points de vente à Paris et New York""}]},{""element"":""img"",""classe"":""w-[360px] mt-3"",""data"":""68.jpg""},{""element"":""p"",""classe"":""py-1"",""data"":""Bull Doff est bien plus qu'une marque de vêtements. C'est un mouvement, un état d'esprit. Elle prouve que le streetwear africain peut être à la fois cool, conscient et commercialement viable. C'est la voix d'une génération qui a des choses à dire et qui le fait avec style.""}]"
35,4,"Le Marché HLM: Le Paradis Secret des Chasseurs de Tissus",1,"69.jpg","2024-01-20","Oubliez les boutiques de luxe. Le véritable cœur battant de la mode à Dakar, c'est le marché HLM. Un labyrinthe bouillonnant où se pressent créateurs, tailleurs et fashionistas à la recherche du tissu parfait. Visite guidée.","[{""element"":""p"",""classe"":""py-1"",""data"":""Le marché HLM est une institution. C'est le plus grand marché textile de la ville, peut-être même de toute l'Afrique de l'Ouest. On y trouve absolument tout : du wax hollandais authentique, des dentelles de Calais, des soies venues de Chine, des bazins d'Allemagne, et bien sûr, des milliers de tissus produits localement.""},{""element"":""h2"",""classe"":""text-3xl mt-2"",""data"":""L'Art de la Négociation et de la Découverte""},{""element"":""p"",""classe"":""py-1"",""data"":""Faire son shopping au marché HLM est une expérience. Il faut savoir se perdre dans les allées bondées, toucher les matières, discuter avec les vendeurs, et surtout, négocier. Chaque boutique est une caverne d'Ali Baba, tenue par des commerçants qui ont un œil expert pour la qualité et la tendance.""},{""element"":""ul"",""classe"":""list-disc pl-5 py-1"",""data"":[{""data"":""Les 'bana-bana' : les vendeurs ambulants qui proposent les dernières nouveautés""},{""data"":""Les ateliers de broderie et de teinture cachés au fond des cours""},{""data"":""Le coin des perles et des fournitures pour les créateurs de bijoux""},{""data"":""L'importance de venir avec son tailleur pour avoir son avis technique""}]},{""element"":""img"",""classe"":""w-[460px] mt-3"",""data"":""70.jpg""},{""element"":""p"",""classe"":""py-1"",""data"":""Tous les grands créateurs sénégalais, même les plus célèbres, continuent de venir s'approvisionner ici. Car le marché HLM est plus qu'un lieu de commerce, c'est le baromètre des tendances, le laboratoire où s'invente la mode dakaroise de demain.""}]"
76,1,"La Renaissance du 'Rabas': Le Pagne Tissé, du Traditionnel au Contemporain",4,"151.jpg","2025-09-25","Longtemps délaissé au profit du wax, le 'rabas', ce pagne tissé traditionnel sénégalais, connaît un retour en grâce spectaculaire. Les créateurs se le réapproprient pour en faire le symbole d'un luxe authentique et durable.","[{""element"":""p"",""classe"":""py-1"",""data"":""Le 'rabas' est le fruit d'un savoir-faire ancestral, celui des tisserands Laobés ou Mandingues. Tissé à la main sur des métiers traditionnels, il se caractérise par sa texture épaisse, sa durabilité et ses motifs géométriques sobres. Chaque bande de tissu, appelée 'leppi', est cousue à la main pour former un grand pagne.""},{""element"":""img"",""classe"":""w-[460px] mt-3"",""data"":""152.jpg""},{""element"":""h2"",""classe"":""text-3xl mt-2"",""data"":""Un Symbole de 'Slow Fashion'""},{""element"":""p"",""classe"":""py-1"",""data"":""À l'heure où l'industrie de la mode s'interroge sur son impact environnemental, le 'rabas' apparaît comme une évidence. Sa production est entièrement manuelle, non polluante, et elle soutient des communautés d'artisans locaux. C'est l'incarnation même de la 'slow fashion'.""},{""element"":""ul"",""classe"":""list-disc pl-5 py-1"",""data"":[{""data"":""Des créateurs comme Rama Diaw en ont fait leur matière signature""},{""data"":""Utilisation pour des pièces fortes : vestes structurées, manteaux, robes de cérémonie""},{""data"":""Déclinaison en accessoires : sacs, chaussures, coussins""},{""data"":""La difficulté de la production à grande échelle, qui garantit l'exclusivité du produit""}]},{""element"":""p"",""classe"":""py-1"",""data"":""En choisissant le 'rabas', les créateurs et les consommateurs font plus qu'un choix esthétique. Ils font un acte militant : celui de préserver un patrimoine, de promouvoir un mode de production éthique et de célébrer une forme de luxe qui ne dit pas son nom, un luxe basé sur le temps, le savoir-faire et l'authenticité.""}]"
